insert into category(ID, DESCRIPTION, category_name, sub_category_name) values (1, 'Mobile Phones & Tech', 'Mobile phone', 'Mobile phone');
insert into category(ID, DESCRIPTION, category_name, sub_category_name) values (3, 'Mobile Phones & Tech', 'Mobile phone', 'Cover');
insert into category(ID, DESCRIPTION, category_name, sub_category_name) values (4, 'Mobile Phones & Tech', 'Mobile phone', 'Batteries');
insert into category(ID, DESCRIPTION, category_name, sub_category_name) values (5, 'Mobile Phones & Tech', 'Mobile phone', 'Accesories');
insert into category(ID, DESCRIPTION, category_name, sub_category_name) values (8, 'Mobile Phones & Tech', 'Router', 'Router');
insert into category(ID, DESCRIPTION, category_name, sub_category_name) values (9, 'Mobile Phones & Tech', 'Router', 'Accesories');
insert into category(ID, DESCRIPTION, category_name, sub_category_name) values (10, 'Computer Tech', 'Computers', 'Notebok');
insert into category(ID, DESCRIPTION, category_name, sub_category_name) values (11, 'Computer Tech', 'Computers', 'Stationary simple');
insert into category(ID, DESCRIPTION, category_name, sub_category_name) values (12, 'Computer Tech', 'Computers', 'Stationary work');
insert into category(ID, DESCRIPTION, category_name, sub_category_name) values (13, 'Computer Tech', 'Computers', 'Play');
insert into category(ID, DESCRIPTION, category_name, sub_category_name) values (14, 'Computer Tech', 'Computers', 'Accesories');
insert into category(ID, DESCRIPTION, category_name, sub_category_name) values (15, 'Computer Tech', 'Pads', 'iPads');
insert into category(ID, DESCRIPTION, category_name, sub_category_name) values (16, 'Computer Tech', 'Pads', 'Drowing pads');
insert into category(ID, DESCRIPTION, category_name, sub_category_name) values (17, 'Computer Tech', 'Pads', 'E-Books');
insert into category(ID, DESCRIPTION, category_name, sub_category_name) values (18, 'Computer Tech', 'Pads', 'Accesories');
insert into category(ID, DESCRIPTION, category_name, sub_category_name) values (19, 'Computer Tech', 'Computers', 'Programms');
insert into category(ID, DESCRIPTION, category_name, sub_category_name) values (2, 'Home Tech', 'TV', 'TV');
insert into category(ID, DESCRIPTION, category_name, sub_category_name) values (6, 'Home Tech', 'TV', 'Tuner');
insert into category(ID, DESCRIPTION, category_name, sub_category_name) values (7, 'Home Tech', 'TV', 'Accesories');
insert into category(ID, DESCRIPTION, category_name, sub_category_name) values (20, 'Home Tech', 'House Hold', 'Vacuum cleaners');
insert into category(ID, DESCRIPTION, category_name, sub_category_name) values (21, 'Home Tech', 'House Hold', 'Fridges');
insert into category(ID, DESCRIPTION, category_name, sub_category_name) values (22, 'Home Tech', 'House Hold', 'Irons');
insert into category(ID, DESCRIPTION, category_name, sub_category_name) values (23, 'Home Tech', 'House Hold', 'Clearning staffs');
insert into category(ID, DESCRIPTION, category_name, sub_category_name) values (24, 'Home Tech', 'House Hold', 'Kitchen Tech');
insert into category(ID, DESCRIPTION, category_name, sub_category_name) values (25, 'Home Tech', 'House Hold', 'Kitchen staffs');
insert into category(ID, DESCRIPTION, category_name, sub_category_name) values (26, 'Home', 'Furniture', 'Living room');
insert into category(ID, DESCRIPTION, category_name, sub_category_name) values (27, 'Home', 'Furniture', 'Kitchen');
insert into category(ID, DESCRIPTION, category_name, sub_category_name) values (28, 'Home', 'Furniture', 'Badroom');
insert into category(ID, DESCRIPTION, category_name, sub_category_name) values (29, 'Home', 'Furniture', 'Bathroom');
insert into category(ID, DESCRIPTION, category_name, sub_category_name) values (30, 'Home', 'Furniture', 'Other room');
insert into category(ID, DESCRIPTION, category_name, sub_category_name) values (31, 'Home', 'Tools', 'Garage Light');
insert into category(ID, DESCRIPTION, category_name, sub_category_name) values (32, 'Home', 'Tools', 'Garage Home');
insert into category(ID, DESCRIPTION, category_name, sub_category_name) values (33, 'Home', 'Tools', 'Garage Hard');
insert into category(ID, DESCRIPTION, category_name, sub_category_name) values (34, 'Home', 'Tools', 'Garden Light');
insert into category(ID, DESCRIPTION, category_name, sub_category_name) values (35, 'Home', 'Tools', 'Garden Hard');
insert into category(ID, DESCRIPTION, category_name, sub_category_name) values (36, 'Home', 'Tools', 'Garden Tech');

insert into role (id, role_name) values (1, 'admin');
insert into user (id, full_name, email, password, PHONE_NUM) values (1, 'Admin Admin', 'admin@gmail.com', 'admin', 5555555);
insert into user_role(user_id, role_id) values (1,1);
insert into role (id, role_name) values (2, 'user');
insert into user (id, full_name, email, password, PHONE_NUM) values (2, 'Simple User', 'user@domain.com', 'user', 5555555);
insert into user_role(user_id, role_id) values (2,2);
insert into role (id, role_name) values (3, 'seller');
insert into user (id, full_name, email, password, PHONE_NUM) values (3, 'Seller', 'seller@gmail.com', 'seller', 5555555);
insert into user_role(user_id, role_id) values (3,3);

insert into goods(ID, AMOUNT, CODE, DESCRIPTION, MANUFACTURER, NAME, PRICE, SELLER_ID, STATUS, CATEGORY_ID) values (1, 50, 'CEDO03', 'New mobile phone from XIAOMI', 'XIAOMI', 'XIAOMI REDMI 4X 32GB DUAL BLACK ENG/RU', 159, 1, 'AVAILABLE', 1);
insert into goods(ID, AMOUNT, CODE, DESCRIPTION, MANUFACTURER, NAME, PRICE, SELLER_ID, STATUS, CATEGORY_ID) values (2, 150, 'CEDO04', 'New mobile phone from XIAOMI', 'XIAOMI', 'XIAOMI REDMI NOTE 4 3GB RAM 32GB BLACK ENG/RU', 175, 1, 'AVAILABLE', 1);
insert into goods(ID, AMOUNT, CODE, DESCRIPTION, MANUFACTURER, NAME, PRICE, SELLER_ID, STATUS, CATEGORY_ID) values (3, 30, 'CEDO05', 'New mobile phone from XIAOMI', 'XIAOMI', 'XIAOMI REDMI 4X 32GB WHITE/GOLD ENG/RU', 146, 1, 'AVAILABLE', 1);
insert into goods(ID, AMOUNT, CODE, DESCRIPTION, MANUFACTURER, NAME, PRICE, SELLER_ID, STATUS, CATEGORY_ID) values (4, 30, 'CEDO05', 'New mobile phone from XIAOMI', 'XIAOMI', 'XIAOMI REDMI 4X 128GB WHITE/GOLD ENG/RU', 146, 1, 'AVAILABLE', 1);
insert into goods(ID, AMOUNT, CODE, DESCRIPTION, MANUFACTURER, NAME, PRICE, SELLER_ID, STATUS, CATEGORY_ID) values (5, 150, 'SMSGA3', 'New mobile phone from Samsung', 'Samsung', 'Samsung REDMI 4X 16GB SINGLE BLACK ENG/RU', 180, 1, 'AVAILABLE', 1);
insert into goods(ID, AMOUNT, CODE, DESCRIPTION, MANUFACTURER, NAME, PRICE, SELLER_ID, STATUS, CATEGORY_ID) values (6, 150, 'SMSGA5', 'New mobile phone from Samsung', 'Samsung', 'Samsung REDMI 4X 16GB SINGLE BLACK ENG/RU', 180, 1, 'AVAILABLE', 1);
insert into goods(ID, AMOUNT, CODE, DESCRIPTION, MANUFACTURER, NAME, PRICE, SELLER_ID, STATUS, CATEGORY_ID) values (7, 200, 'SMSGS3', 'New mobile phone from Samsung', 'Samsung', 'Samsung REDMI 4X 16GB SINGLE BLACK ENG/RU', 250, 1, 'AVAILABLE', 1);
insert into goods(ID, AMOUNT, CODE, DESCRIPTION, MANUFACTURER, NAME, PRICE, SELLER_ID, STATUS, CATEGORY_ID) values (8, 300, 'SMSGS4', 'New mobile phone from Samsung', 'Samsung', 'Samsung REDMI 4X 16GB SINGLE BLACK ENG/RU', 350, 1, 'AVAILABLE', 1);
insert into goods(ID, AMOUNT, CODE, DESCRIPTION, MANUFACTURER, NAME, PRICE, SELLER_ID, STATUS, CATEGORY_ID) values (9, 400, 'SMSGS5', 'New mobile phone from Samsung', 'Samsung', 'Samsung REDMI 4X 16GB SINGLE BLACK ENG/RU', 450, 1, 'AVAILABLE', 1);
insert into goods(ID, AMOUNT, CODE, DESCRIPTION, MANUFACTURER, NAME, PRICE, SELLER_ID, STATUS, CATEGORY_ID) values (10, 450, 'SMSGS6', 'New mobile phone from Samsung', 'Samsung', 'Samsung REDMI 4X 16GB SINGLE BLACK ENG/RU', 500, 1, 'AVAILABLE', 1);
insert into goods(ID, AMOUNT, CODE, DESCRIPTION, MANUFACTURER, NAME, PRICE, SELLER_ID, STATUS, CATEGORY_ID) values (11, 500, 'SMSGS8', 'New mobile phone from Samsung', 'Samsung', 'Samsung REDMI 4X 16GB SINGLE BLACK ENG/RU', 600, 1, 'AVAILABLE', 1);
insert into goods(ID, AMOUNT, CODE, DESCRIPTION, MANUFACTURER, NAME, PRICE, SELLER_ID, STATUS, CATEGORY_ID) values (12, 350, 'APPLS5', 'New mobile phone from APPLE', 'APPLE', 'APPLE 4X 16GB SINGLE BLACK ENG/RU', 400, 1, 'AVAILABLE', 1);
insert into goods(ID, AMOUNT, CODE, DESCRIPTION, MANUFACTURER, NAME, PRICE, SELLER_ID, STATUS, CATEGORY_ID) values (13, 400, 'APPLS6', 'New mobile phone from APPLE', 'APPLE', 'APPLE 4X 32GB SINGLE BLACK ENG/RU', 500, 1, 'AVAILABLE', 1);
insert into goods(ID, AMOUNT, CODE, DESCRIPTION, MANUFACTURER, NAME, PRICE, SELLER_ID, STATUS, CATEGORY_ID) values (14, 500, 'APPLS6.5', 'New mobile phone from APPLE', 'APPLE', 'APPLE 4X 16GB SINGLE BLACK ENG/RU', 600, 1, 'AVAILABLE', 1);
insert into goods(ID, AMOUNT, CODE, DESCRIPTION, MANUFACTURER, NAME, PRICE, SELLER_ID, STATUS, CATEGORY_ID) values (15, 550, 'APPLS7', 'New mobile phone from APPLE', 'APPLE', 'APPLE 4X 16GB SINGLE BLACK ENG/RU', 700, 1, 'AVAILABLE', 1);
insert into goods(ID, AMOUNT, CODE, DESCRIPTION, MANUFACTURER, NAME, PRICE, SELLER_ID, STATUS, CATEGORY_ID) values (16, 600, 'APPLS8', 'New mobile phone from APPLE', 'APPLE', 'APPLE 4X 16GB SINGLE BLACK ENG/RU', 800, 1, 'AVAILABLE', 1);
insert into goods(ID, AMOUNT, CODE, DESCRIPTION, MANUFACTURER, NAME, PRICE, SELLER_ID, STATUS, CATEGORY_ID) values (17, 1000, 'APPLSX', 'New mobile phone from APPLE', 'APPLE', 'APPLE 4X 16GB SINGLE BLACK ENG/RU', 1100, 1, 'AVAILABLE', 1);

insert into goods(ID, AMOUNT, CODE, DESCRIPTION, MANUFACTURER, NAME, PRICE, SELLER_ID, STATUS, CATEGORY_ID) values (18, 7, 'CEDO05', 'New cover for XIAOMI', 'XIAOMI', 'XIAOMI REDMI 4X 32GB WHITE/GOLD ENG/RU', 14, 1, 'AVAILABLE', 3);
insert into goods(ID, AMOUNT, CODE, DESCRIPTION, MANUFACTURER, NAME, PRICE, SELLER_ID, STATUS, CATEGORY_ID) values (19, 8, 'CEDO05', 'New cover for XIAOMI', 'XIAOMI', 'XIAOMI REDMI 4X 128GB WHITE/GOLD ENG/RU', 14, 1, 'AVAILABLE', 3);
insert into goods(ID, AMOUNT, CODE, DESCRIPTION, MANUFACTURER, NAME, PRICE, SELLER_ID, STATUS, CATEGORY_ID) values (20, 15, 'SMSGA3', 'New cover for Samsung', 'Samsung', 'Samsung REDMI 4X 16GB SINGLE BLACK ENG/RU', 18, 1, 'AVAILABLE', 3);
insert into goods(ID, AMOUNT, CODE, DESCRIPTION, MANUFACTURER, NAME, PRICE, SELLER_ID, STATUS, CATEGORY_ID) values (21, 15, 'SMSGA5', 'New cover for Samsung', 'Samsung', 'Samsung REDMI 4X 16GB SINGLE BLACK ENG/RU', 18, 1, 'AVAILABLE', 3);
insert into goods(ID, AMOUNT, CODE, DESCRIPTION, MANUFACTURER, NAME, PRICE, SELLER_ID, STATUS, CATEGORY_ID) values (22, 17, 'SMSGS3', 'New cover for Samsung', 'Samsung', 'Samsung REDMI 4X 16GB SINGLE BLACK ENG/RU', 25, 1, 'AVAILABLE', 3);
insert into goods(ID, AMOUNT, CODE, DESCRIPTION, MANUFACTURER, NAME, PRICE, SELLER_ID, STATUS, CATEGORY_ID) values (23, 17, 'SMSGS4', 'New cover for Samsung', 'Samsung', 'Samsung REDMI 4X 16GB SINGLE BLACK ENG/RU', 35, 1, 'AVAILABLE', 3);
insert into goods(ID, AMOUNT, CODE, DESCRIPTION, MANUFACTURER, NAME, PRICE, SELLER_ID, STATUS, CATEGORY_ID) values (24, 20, 'SMSGS5', 'New cover for Samsung', 'Samsung', 'Samsung REDMI 4X 16GB SINGLE BLACK ENG/RU', 45, 1, 'AVAILABLE', 3);
insert into goods(ID, AMOUNT, CODE, DESCRIPTION, MANUFACTURER, NAME, PRICE, SELLER_ID, STATUS, CATEGORY_ID) values (25, 45, 'SMSGS6', 'New cover for Samsung', 'Samsung', 'Samsung REDMI 4X 16GB SINGLE BLACK ENG/RU', 50, 1, 'AVAILABLE', 3);
insert into goods(ID, AMOUNT, CODE, DESCRIPTION, MANUFACTURER, NAME, PRICE, SELLER_ID, STATUS, CATEGORY_ID) values (26, 35, 'SMSGS8', 'New cover for Samsung', 'Samsung', 'Samsung REDMI 4X 16GB SINGLE BLACK ENG/RU', 40, 1, 'AVAILABLE', 3);
insert into goods(ID, AMOUNT, CODE, DESCRIPTION, MANUFACTURER, NAME, PRICE, SELLER_ID, STATUS, CATEGORY_ID) values (27, 30, 'APPLS5', 'New cover for APPLE', 'APPLE', 'APPLE 4X 16GB SINGLE BLACK ENG/RU', 35, 1, 'AVAILABLE', 3);
insert into goods(ID, AMOUNT, CODE, DESCRIPTION, MANUFACTURER, NAME, PRICE, SELLER_ID, STATUS, CATEGORY_ID) values (28, 40, 'APPLSX-1', 'New cover for APPLE', 'APPLE', 'APPLE 4X 32GB SINGLE BLACK ENG/RU', 45, 1, 'AVAILABLE', 3);
insert into goods(ID, AMOUNT, CODE, DESCRIPTION, MANUFACTURER, NAME, PRICE, SELLER_ID, STATUS, CATEGORY_ID) values (29, 50, 'APPLSX', 'New cover for APPLE', 'APPLE', 'APPLE 4X 16GB SINGLE BLACK ENG/RU', 70, 1, 'AVAILABLE', 3);

insert into goods(ID, AMOUNT, CODE, DESCRIPTION, MANUFACTURER, NAME, PRICE, SELLER_ID, STATUS, CATEGORY_ID) values (30, 5, 'CEDO03',  'New battery XIAOMI', 'XIAOMI', 'XIAOMI REDMI 4X 32GB DUAL BLACK ENG/RU', 8, 1, 'AVAILABLE', 4);
insert into goods(ID, AMOUNT, CODE, DESCRIPTION, MANUFACTURER, NAME, PRICE, SELLER_ID, STATUS, CATEGORY_ID) values (32, 10, 'CEDO04', 'New battery XIAOMI', 'XIAOMI', 'XIAOMI REDMI NOTE 4 3GB RAM 32GB BLACK ENG/RU', 15, 1, 'AVAILABLE', 4);
insert into goods(ID, AMOUNT, CODE, DESCRIPTION, MANUFACTURER, NAME, PRICE, SELLER_ID, STATUS, CATEGORY_ID) values (33, 30, 'CEDO05', 'New battery XIAOMI', 'XIAOMI', 'XIAOMI REDMI 4X 32GB WHITE/GOLD ENG/RU', 35, 1, 'AVAILABLE', 4);
insert into goods(ID, AMOUNT, CODE, DESCRIPTION, MANUFACTURER, NAME, PRICE, SELLER_ID, STATUS, CATEGORY_ID) values (34, 30, 'CEDO05', 'New battery XIAOMI', 'XIAOMI', 'XIAOMI REDMI 4X 128GB WHITE/GOLD ENG/RU', 38, 1, 'AVAILABLE', 4);
insert into goods(ID, AMOUNT, CODE, DESCRIPTION, MANUFACTURER, NAME, PRICE, SELLER_ID, STATUS, CATEGORY_ID) values (35, 10, 'SMSGA3', 'New battery Samsung', 'Samsung', 'Samsung REDMI 4X 16GB SINGLE BLACK ENG/RU', 20, 1, 'AVAILABLE', 4);
insert into goods(ID, AMOUNT, CODE, DESCRIPTION, MANUFACTURER, NAME, PRICE, SELLER_ID, STATUS, CATEGORY_ID) values (36, 10, 'SMSGA5', 'New battery Samsung', 'Samsung', 'Samsung REDMI 4X 16GB SINGLE BLACK ENG/RU', 20, 1, 'AVAILABLE', 4);
insert into goods(ID, AMOUNT, CODE, DESCRIPTION, MANUFACTURER, NAME, PRICE, SELLER_ID, STATUS, CATEGORY_ID) values (37, 20, 'SMSGS3', 'New battery Samsung', 'Samsung', 'Samsung REDMI 4X 16GB SINGLE BLACK ENG/RU', 25, 1, 'AVAILABLE', 4);
insert into goods(ID, AMOUNT, CODE, DESCRIPTION, MANUFACTURER, NAME, PRICE, SELLER_ID, STATUS, CATEGORY_ID) values (38, 30, 'SMSGS4', 'New battery Samsung', 'Samsung', 'Samsung REDMI 4X 16GB SINGLE BLACK ENG/RU', 35, 1, 'AVAILABLE', 4);
insert into goods(ID, AMOUNT, CODE, DESCRIPTION, MANUFACTURER, NAME, PRICE, SELLER_ID, STATUS, CATEGORY_ID) values (39, 40, 'SMSGS5', 'New battery Samsung', 'Samsung', 'Samsung REDMI 4X 16GB SINGLE BLACK ENG/RU', 45, 1, 'AVAILABLE', 4);
insert into goods(ID, AMOUNT, CODE, DESCRIPTION, MANUFACTURER, NAME, PRICE, SELLER_ID, STATUS, CATEGORY_ID) values (31, 450, 'SMSGS6', 'New battery Samsung', 'Samsung', 'Samsung REDMI 4X 16GB SINGLE BLACK ENG/RU', 50, 1, 'AVAILABLE', 4);
insert into goods(ID, AMOUNT, CODE, DESCRIPTION, MANUFACTURER, NAME, PRICE, SELLER_ID, STATUS, CATEGORY_ID) values (40, 50, 'SMSGS8', 'New battery Samsung', 'Samsung', 'Samsung REDMI 4X 16GB SINGLE BLACK ENG/RU', 60, 1, 'AVAILABLE', 4);

insert into goods(ID, AMOUNT, CODE, DESCRIPTION, MANUFACTURER, NAME, PRICE, SELLER_ID, STATUS, CATEGORY_ID) values (41, 10, 'SSGA5', 'Shtativ', 'Samsung', '2M', 20, 1, 'AVAILABLE', 5);
insert into goods(ID, AMOUNT, CODE, DESCRIPTION, MANUFACTURER, NAME, PRICE, SELLER_ID, STATUS, CATEGORY_ID) values (42, 200, 'XXPP', 'Linza', 'Samsung', '2.0-8.0mm zoom', 250, 1, 'AVAILABLE', 5);
insert into goods(ID, AMOUNT, CODE, DESCRIPTION, MANUFACTURER, NAME, PRICE, SELLER_ID, STATUS, CATEGORY_ID) values (43, 30, 'MMSGS4', 'Shtativ', 'Samsung', 'Samsung Shtativ white', 35, 1, 'AVAILABLE', 5);
insert into goods(ID, AMOUNT, CODE, DESCRIPTION, MANUFACTURER, NAME, PRICE, SELLER_ID, STATUS, CATEGORY_ID) values (44, 40, 'GGS5', 'Hand free', 'Samsung', 'Samsung Hand Free steel', 45, 1, 'AVAILABLE', 5);


insert into goods(ID, AMOUNT, CODE, DESCRIPTION, MANUFACTURER, NAME, PRICE, SELLER_ID, STATUS, CATEGORY_ID) values (45, 30, 'MMSGS4', 'Router', 'NNN', 'Wi-Fi open wide', 35, 1, 'AVAILABLE', 8);
insert into goods(ID, AMOUNT, CODE, DESCRIPTION, MANUFACTURER, NAME, PRICE, SELLER_ID, STATUS, CATEGORY_ID) values (46, 40, 'GGS5', 'Cable', 'APPLE', 'APPLE good cable', 45, 1, 'AVAILABLE', 9);
